id,Council,IntZ,code
1,Clackmannanshire,Tillicoultry,S02000163
2,Clackmannanshire,Alva,S02000162
3,Clackmannanshire,Dollar and Muckhart,S02000161
4,Clackmannanshire,Menstrie,S02000160
5,Clackmannanshire,Tullibody North and Glenochil,S02000159
6,Clackmannanshire,"Fishcross, Devon Village and Coalsnaughton",S02000158
7,Clackmannanshire,Alloa North,S02000157
8,Clackmannanshire,Tullibody South,S02000156
9,Clackmannanshire,Sauchie,S02000155
10,Clackmannanshire,Alloa West,S02000154
11,Clackmannanshire,Alloa South and East,S02000153
12,Clackmannanshire,"Clackmannan, Kennet and Forestmill",S02000152
13,Dumfries and Galloway,Rotchell and Rosefield,S02000182
14,Dumfries and Galloway,Dumfries West,S02000183
15,Dumfries and Galloway,Dumfries East,S02000184
16,Dumfries and Galloway,Summerville,S02000185
17,Dumfries and Galloway,Nithside and Nunholm,S02000186
18,Dumfries and Galloway,Lincluden and Lochside,S02000187
19,Dumfries and Galloway,Locharbriggs,S02000188
20,Dumfries and Galloway,Catherinefield,S02000189
21,Dumfries and Galloway,Boreland and Ecclefechan,S02000190
22,Dumfries and Galloway,Lower Nithsdale,S02000191
23,Dumfries and Galloway,Lochmaben and Parkgate,S02000192
24,Dumfries and Galloway,Crocketford and Carsphairn,S02000193
25,Dumfries and Galloway,Lockerbie and Mid Annandale,S02000194
26,Dumfries and Galloway,Langholm and Canonbie,S02000195
27,Dumfries and Galloway,Mid Nithsdale,S02000196
28,Dumfries and Galloway,Moffat and Eskdalemuir,S02000197
29,Dumfries and Galloway,Upper Nithsdale,S02000198
30,Dumfries and Galloway,Stranraer Central,S02000169
31,Dumfries and Galloway,Castle Douglas,S02000168
32,Dumfries and Galloway,Dalbeattie,S02000167
33,Dumfries and Galloway,Kirkcudbright,S02000166
34,Dumfries and Galloway,Kirkmaiden,S02000165
35,Dumfries and Galloway,Machars South,S02000164
36,Dumfries and Galloway,Stranraer West,S02000170
37,Dumfries and Galloway,Moors,S02000171
38,Dumfries and Galloway,Portpatrick,S02000172
39,Dumfries and Galloway,Fleet,S02000173
40,Dumfries and Galloway,Annan South,S02000174
41,Dumfries and Galloway,New Abbey,S02000175
42,Dumfries and Galloway,Gretna and Eastriggs,S02000176
43,Dumfries and Galloway,Annan North,S02000177
44,Dumfries and Galloway,Lower Annandale and South East Dumfries,S02000178
45,Dumfries and Galloway,Cree Valley,S02000179
46,Dumfries and Galloway,Dumfries South,S02000180
47,Dumfries and Galloway,Georgetown,S02000181
48,East Ayrshire,Doon Valley South,S02000230
49,East Ayrshire,Doon Valley North,S02000231
50,East Ayrshire,New Cumnock,S02000232
51,East Ayrshire,Drongan,S02000233
52,East Ayrshire,Cumnock South and Craigens,S02000234
53,East Ayrshire,Mauchline Rural,S02000235
54,East Ayrshire,Cumnock North,S02000236
55,East Ayrshire,Cumnock Rural,S02000237
56,East Ayrshire,Auchinleck,S02000238
57,East Ayrshire,Mauchline,S02000239
58,East Ayrshire,Shortlees,S02000240
59,East Ayrshire,Bellfield and Kirkstyle,S02000241
60,East Ayrshire,Galston,S02000242
61,East Ayrshire,Kilmarnock South Central and Caprington,S02000243
62,East Ayrshire,Earlston and Hurlford Rural,S02000244
63,East Ayrshire,"Grange, Howard and Gargieston",S02000245
64,East Ayrshire,Newmilns,S02000246
65,East Ayrshire,Darvel,S02000247
66,East Ayrshire,Piersland,S02000248
67,East Ayrshire,Crosshouse and Gatehead Rural,S02000249
68,East Ayrshire,Bonnyton and Town Centre,S02000250
69,East Ayrshire,New Farm Loch South,S02000251
70,East Ayrshire,"Altonhill South, Longpark and Hillhead",S02000252
71,East Ayrshire,Dean and New Farm Loch North,S02000253
72,East Ayrshire,Altonhill North and Onthank,S02000254
73,East Ayrshire,Southcraig and Beansburn,S02000255
74,East Ayrshire,Kilmaurs Rural,S02000256
75,East Ayrshire,Northern and Irvine Valley Rural,S02000257
76,East Ayrshire,Stewarton West,S02000258
77,East Ayrshire,Stewarton East,S02000259
78,East Lothian,IZ Nineteen,S02000306
79,East Lothian,IZ Eighteen,S02000305
80,East Lothian,IZ Seventeen,S02000304
81,East Lothian,IZ Sixteen,S02000303
82,East Lothian,IZ Fifteen,S02000302
83,East Lothian,IZ Fourteen,S02000301
84,East Lothian,IZ Thirteen,S02000300
85,East Lothian,IZ Twelve,S02000299
86,East Lothian,IZ Eleven,S02000298
87,East Lothian,IZ Ten,S02000297
88,East Lothian,IZ Nine,S02000296
89,East Lothian,IZ Eight,S02000295
90,East Lothian,IZ Seven,S02000294
91,East Lothian,IZ Six,S02000293
92,East Lothian,IZ Five,S02000292
93,East Lothian,IZ Four,S02000291
94,East Lothian,IZ Three,S02000290
95,East Lothian,IZ Two,S02000289
96,East Lothian,IZ One,S02000288
97,East Lothian,IZ Twenty Two,S02000309
98,East Lothian,IZ Twenty One,S02000308
99,East Lothian,IZ Twenty,S02000307
100,East Renfrewshire,Lower Whitecraigs and South Giffnock,S02000323
101,East Renfrewshire,Auchenback,S02000322
102,East Renfrewshire,Clarkston and Sheddens,S02000317
103,East Renfrewshire,Whitecraigs and Broom,S02000316
104,East Renfrewshire,Busby,S02000315
105,East Renfrewshire,West Neilston and Uplawmoor,S02000314
106,East Renfrewshire,"Mearns Village, Westacres and Greenfarm",S02000313
107,East Renfrewshire,North Kirkhill,S02000312
108,East Renfrewshire,Mearnskirk and South Kirkhill,S02000311
109,East Renfrewshire,Eaglesham and Waterfoot,S02000310
110,East Renfrewshire,North Giffnock and North Thornliebank,S02000327
111,East Renfrewshire,"Dunterlie, East Arthurlie and Dovecothall",S02000328
112,East Renfrewshire,Cross Stobbs,S02000329
113,East Renfrewshire,West Arthurlie and North Neilston,S02000321
114,East Renfrewshire,Stamperland,S02000320
115,East Renfrewshire,Williamwood,S02000319
116,East Renfrewshire,Crookfur and Fruin,S02000318
117,East Renfrewshire,Merrylee and Braidbar,S02000326
118,East Renfrewshire,Netherlee,S02000325
119,East Renfrewshire,South Thornliebank and Woodfarm,S02000324
120,Comhairle nan Eilean Siar,Stornoway West,S02000437
121,Comhairle nan Eilean Siar,Broadbay,S02000438
122,Comhairle nan Eilean Siar,Barra and South Uist,S02000431
123,Comhairle nan Eilean Siar,Northwest Lewis,S02000439
124,Comhairle nan Eilean Siar,Stornoway East,S02000436
125,Comhairle nan Eilean Siar,Point,S02000435
126,Comhairle nan Eilean Siar,South Lewis,S02000434
127,Comhairle nan Eilean Siar,Harris,S02000433
128,Comhairle nan Eilean Siar,Benbecula and North Ui,S02000432
129,Falkirk,Carron,S02000474
130,Falkirk,Stenhousemuir West,S02000475
131,Falkirk,Carronshore,S02000476
132,Falkirk,North Broomage and Inches,S02000477
133,Falkirk,Antonshill,S02000478
134,Falkirk,Dunipace,S02000479
135,Falkirk,Carse and Grangemouth Old Town,S02000480
136,Falkirk,Tamfourhill,S02000455
137,Falkirk,"Blackness, Carriden and Grahamsdyke",S02000454
138,Falkirk,Bantaskin,S02000453
139,Falkirk,Falkirk Town Centre and Callendar Park,S02000452
140,Falkirk,Douglas,S02000451
141,Falkirk,Laurieston and Westquarter,S02000450
142,Falkirk,Polmont,S02000449
143,Falkirk,High Bonnybridge and Greenhill,S02000448
144,Falkirk,Redding,S02000447
145,Falkirk,Hallglen and Glen Village,S02000446
146,Falkirk,Banknock and Haggs,S02000445
147,Falkirk,"Brightons, Reddingmuirhead and Wallacest",S02000444
148,Falkirk,"Lochgreen, Lionthorn and Prospecthill",S02000443
149,Falkirk,Braes Villages,S02000440
150,Falkirk,Shieldhill,S02000441
151,Falkirk,Maddiston and Rumford,S02000442
152,Falkirk,Grangemouth Town Centre,S02000468
153,Falkirk,Merchiston and New Carron Village,S02000467
154,Falkirk,Kinneil,S02000466
155,Falkirk,Bonnybridge,S02000465
156,Falkirk,Kersiebank,S02000464
157,Falkirk,Newlands,S02000463
158,Falkirk,Middlefield,S02000462
159,Falkirk,Head of Muir and Dennyloanhead,S02000461
160,Falkirk,Grahamston,S02000460
161,Falkirk,Camelon East,S02000459
162,Falkirk,Camelon West,S02000458
163,Falkirk,Newtown,S02000457
164,Falkirk,Bowhouse,S02000456
165,Falkirk,Nethermains,S02000469
166,Falkirk,Bainsford and Langlees,S02000470
167,Falkirk,Larbert Village and South Broomage,S02000471
168,Falkirk,Stenhousemuir East,S02000472
169,Falkirk,"Fankerton, Stoneywood and Denny Town",S02000473
170,Fife,Tayport,S02000583
171,Fife,Newport and Wormit,S02000582
172,Fife,Balmullo and Gauldry,S02000581
173,Fife,Leuchars and Guardbridge,S02000580
174,Fife,Newburgh,S02000579
175,Fife,St Andrews North and Strathkinness,S02000578
176,Fife,St Andrews Central,S02000577
177,Fife,St Andrews South East,S02000576
178,Fife,Cupar Central,S02000575
179,Fife,Cupar East,S02000574
180,Fife,Cupar West and Springfield,S02000573
181,Fife,St Andrews South West,S02000572
182,Fife,"Dairsie, Ceres and Dunino",S02000571
183,Fife,Auchtermuchty and Gateside,S02000570
184,Fife,Crail and Boarhills,S02000569
185,Fife,Kettle and Ladybank,S02000568
186,Fife,Falkland and Freuchie,S02000567
187,Fife,Leven East and Bonnybank,S02000566
188,Fife,Anstruther,S02000565
189,Fife,"Elie, Colinsburgh and Largoward",S02000564
190,Fife,Largo,S02000563
191,Fife,Markinch and Star,S02000562
192,Fife,Glenrothes Balgeddie,S02000561
193,Fife,Glenrothes Collydean,S02000560
194,Fife,"Glenrothes Balfarg, Pitcairn and Coul",S02000559
195,Fife,St Monans and Pittenweem,S02000558
196,Fife,Kennoway,S02000557
197,Fife,Glenrothes Cadham and Pitcoudie,S02000556
198,Fife,Leven North,S02000555
199,Fife,Glenrothes South Parks,S02000554
200,Fife,Glenrothes Macedonia and Tanshall,S02000553
201,Fife,Leven West,S02000552
202,Fife,Leslie and Newcastle,S02000551
203,Fife,Windygates and Coaltown,S02000550
204,Fife,Glenrothes Auchmuty,S02000549
205,Fife,Glenrothes Caskieberran and Rimbleton,S02000548
206,Fife,Methil Methilhill,S02000547
207,Fife,Methil East,S02000546
208,Fife,Glenrothes Woodside,S02000545
209,Fife,Glenrothes Pitteuchar,S02000544
210,Fife,Methil West,S02000543
211,Fife,Glenrothes Stenton and Finglassie,S02000542
212,Fife,Methil Denbeath,S02000541
213,Fife,Buckhaven and Muiredge,S02000540
214,Fife,Thornton and Kinglassie,S02000539
215,Fife,Ballingry,S02000538
216,Fife,Wemyss,S02000537
217,Fife,Lochore and Crosshill,S02000536
218,Fife,Kirkcaldy Chapel,S02000535
219,Fife,Cardenden,S02000534
220,Fife,Kirkcaldy Dunnikier,S02000533
221,Fife,Kelty West,S02000532
222,Fife,Kelty East,S02000531
223,Fife,Kirkcaldy Gallatown and Sinclairtown,S02000530
224,Fife,Lochgelly East,S02000529
225,Fife,Dysart,S02000528
226,Fife,Kirkcaldy Templehall West,S02000527
227,Fife,Kirkcaldy Templehall East,S02000526
228,Fife,Lochgelly West and Lumphinnans,S02000525
229,Fife,Kirkcaldy Hayfield and Smeaton,S02000524
230,Fife,Kirkcaldy Newliston and Redcraigs,S02000523
231,Fife,Kirkcaldy Pathhead,S02000522
232,Fife,Saline and Gowkall,S02000521
233,Fife,Kirkcaldy Bennochy West,S02000520
234,Fife,Cowdenbeath North,S02000519
235,Fife,Kirkcaldy Bennochy East,S02000518
236,Fife,Kirkcaldy Raith,S02000517
237,Fife,Kirkcaldy Central,S02000516
238,Fife,Cowdenbeath South,S02000515
239,Fife,Hill of Beath,S02000514
240,Fife,Dunfermline Townhill and Kingseat,S02000513
241,Fife,Kirkcaldy Linktown and Seafield,S02000512
242,Fife,"Oakley, Comrie and Blairhall",S02000511
243,Fife,Dunfermline Milesmark and Wellwood,S02000510
244,Fife,Dunfermline Bellyeoman,S02000509
245,Fife,Aberdour and Auchtertool,S02000508
246,Fife,Kinghorn,S02000507
247,Fife,Kincardine,S02000506
248,Fife,Dunfermline Headwell,S02000505
249,Fife,Dunfermline Baldridgeburn,S02000504
250,Fife,Dunfermline Garvock Hill,S02000503
251,Fife,Dunfermline Touch and Woodmill,S02000502
252,Fife,"Valleyfield, Culross and Torryburn",S02000501
253,Fife,Burntisland West,S02000500
254,Fife,Dunfermline Central,S02000499
255,Fife,Crossgates and Halbeath,S02000498
256,Fife,Dunfermline Abbeyview North,S02000497
257,Fife,Dunfermline Brucefield,S02000496
258,Fife,Burntisland East,S02000495
259,Fife,Dunfermline Abbeyview South,S02000494
260,Fife,Dunfermline East and Pitcorthie East,S02000493
261,Fife,Dunfermline Pitcorthie West,S02000492
262,Fife,"Crossford, Charleston and Limekilns",S02000491
263,Fife,Cairneyhill and Crombie,S02000490
264,Fife,Rosyth North,S02000489
265,Fife,Rosyth East,S02000488
266,Fife,Dalgety Bay East,S02000487
267,Fife,Rosyth Central,S02000486
268,Fife,Dalgety Bay West and Hillend,S02000485
269,Fife,Dalgety Bay Central,S02000484
270,Fife,Inverkeithing East,S02000483
271,Fife,Rosyth South,S02000482
272,Fife,North Queensferry and Inverkeithing West,S02000481
273,Highland,Fort William South,S02000717
274,Highland,Lochaber West,S02000718
275,Highland,Fort William North,S02000719
276,Highland,Lochaber East and North,S02000720
277,Highland,Badenoch and Strathspey South,S02000721
278,Highland,Loch Ness,S02000722
279,Highland,Badenoch and Strathspey Central,S02000723
280,Highland,Skye South,S02000724
281,Highland,Lochlash,S02000725
282,Highland,Badenoch and Strathspey North,S02000726
283,Highland,Inverness East Rural,S02000727
284,Highland,Inverness West Rural,S02000728
285,Highland,Inverness Inshes and Slackbuie,S02000729
286,Highland,Inverness Lochardil and Holm Mains,S02000730
287,Highland,Inverness Kinmylies and South West,S02000731
288,Highland,Inverness Drummond,S02000732
289,Highland,Inverness Hilton,S02000733
290,Highland,Inverness Drakies,S02000734
291,Highland,Inverness Ballifeary and Dalneigh,S02000735
292,Highland,Inverness Crown and Haugh,S02000736
293,Highland,Inverness Westhill,S02000737
294,Highland,Nairn Rural,S02000738
295,Highland,Inverness Muirtown,S02000739
296,Highland,Inverness Smithton,S02000740
297,Highland,Inverness Scorguie,S02000741
298,Highland,"Inverness Central, Raigmore and Longman",S02000742
299,Highland,Inverness Culloden and Balloch,S02000743
300,Highland,Inverness Merkinch,S02000744
301,Highland,Skye North East,S02000745
302,Highland,Skye North West,S02000746
303,Highland,Conon and Muir of Ord,S02000747
304,Highland,Black Isle South,S02000748
305,Highland,Nairn West,S02000749
306,Highland,Nairn East,S02000750
307,Highland,Ross and Cromarty South West,S02000751
308,Highland,Dingwall,S02000752
309,Highland,Black Isle North,S02000753
310,Highland,Ross and Cromarty Central,S02000754
311,Highland,Alness,S02000755
312,Highland,Invergordon,S02000756
313,Highland,Ross and Cromarty East,S02000757
314,Highland,Seaboard,S02000758
315,Highland,Tain,S02000759
316,Highland,Ross and Cromarty North West,S02000760
317,Highland,Sutherland South,S02000761
318,Highland,Sutherland East,S02000762
319,Highland,Caithness South,S02000763
320,Highland,Sutherland North and West,S02000764
321,Highland,Wick South,S02000765
322,Highland,Wick North,S02000766
323,Highland,Caithness North West,S02000767
324,Highland,Caithness North East,S02000768
325,Highland,Thurso East,S02000769
326,Highland,Thurso West,S02000770
327,Inverclyde,Kilmacolm Central,S02000771
328,Inverclyde,"Kilmacolm, Quarriers, Greenock Upper East/Central",S02000772
329,Inverclyde,Inverkip and Wemyss Bay,S02000773
330,Inverclyde,Port Glasgow Upper East,S02000774
331,Inverclyde,"Port Glasgow Mid, East and Central",S02000775
332,Inverclyde,"Port Glasgow Upper, West and Central",S02000776
333,Inverclyde,"West Braeside, East Inverkip and West Gourock",S02000777
334,Inverclyde,Greenock East,S02000778
335,Inverclyde,"Bow Farm, Barrs Cottage, Cowdenknowes and Overton",S02000779
336,Inverclyde,Greenock Upper Central,S02000780
337,Inverclyde,Greenock Town Centre and East Central,S02000781
338,Inverclyde,"Braeside, Branchton, Lower Larkfield and Ravenscraig",S02000782
339,Inverclyde,"Lower Bow & Larkfield, Fancy Farm, Mallard Bowl",S02000783
340,Inverclyde,Greenock West and Central,S02000784
341,Inverclyde,"Gourock Central, Upper East and IRH",S02000785
342,Inverclyde,Gourock Upper and West Central & Upper Larkfield,S02000786
343,Inverclyde,"Gourock East, Greenock West and Lyle Road",S02000787
344,Midlothian,Mayfield,S02000799
345,Midlothian,Bonnyrigg South,S02000800
346,Midlothian,Easthouses,S02000801
347,Midlothian,Bonnyrigg North,S02000802
348,Midlothian,Loanhead,S02000803
349,Midlothian,Eskbank,S02000804
350,Midlothian,Dalkeith,S02000805
351,Midlothian,Thornybank,S02000806
352,Midlothian,Shawfair,S02000807
353,Midlothian,Rural South Midlothian,S02000788
354,Midlothian,Penicuik Southeast,S02000789
355,Midlothian,Penicuik Southwest,S02000790
356,Midlothian,Penicuik East,S02000791
357,Midlothian,Penicuik North,S02000792
358,Midlothian,Gorebridge and Middleton,S02000793
359,Midlothian,Pathhead and Rural East Midlothian,S02000794
360,Midlothian,North Gorebridge,S02000795
361,Midlothian,Newbattle and Dalhousie,S02000796
362,Midlothian,Pentland,S02000797
363,Midlothian,Newtongrange,S02000798
364,Moray,Keith and Fife Keith,S02000811
365,Moray,Lossiemouth West,S02000831
366,Moray,Lossiemouth East and Seatown,S02000830
367,Moray,"Burghead, Roseisle and Laich",S02000829
368,Moray,Buckie Central East,S02000828
369,Moray,Buckie West and Mains of Buckie,S02000827
370,Moray,"Lhanbryde, Urquhart, Pitgavney and seaward",S02000826
371,Moray,Elgin Bishopmill West and Newfield,S02000825
372,Moray,Elgin Bishopmill East and Ladyhill,S02000824
373,Moray,Elgin Cathedral to Ashgrove and Pinefield,S02000823
374,Moray,Elgin Central West,S02000822
375,Moray,"Mosstodloch, Portgordon and seaward",S02000821
376,Moray,"Cullen, Portknockie, Findochty, Drybridge and Berryhillock",S02000820
377,Moray,South Speyside and the Cabrach,S02000808
378,Moray,North Speyside,S02000809
379,Moray,Rural Keith and Strathisla,S02000810
380,Moray,New Elgin East,S02000819
381,Moray,New Elgin West,S02000818
382,Moray,Forres Central East and seaward,S02000817
383,Moray,"Heldon West, Fogwatt to Inchberry",S02000816
384,Moray,"Findhorn, Kinloss and Pluscarden Valley",S02000815
385,Moray,Forres South West and Mannachie,S02000814
386,Moray,"Fochabers, Aultmore, Clochan and Ordiquish",S02000813
387,Moray,"Rafford, Dallas, Dyke to Dava",S02000812
388,North Ayrshire,Kilwinning Pennyburn,S02000853
389,North Ayrshire,Saltcoats North East,S02000852
390,North Ayrshire,Kilwinning West and Blacklan,S02000851
391,North Ayrshire,Stevenston Hayocks,S02000850
392,North Ayrshire,Ardrossan Central,S02000849
393,North Ayrshire,Saltcoats North West,S02000848
394,North Ayrshire,Stevenston North West,S02000847
395,North Ayrshire,Saltcoats Central,S02000846
396,North Ayrshire,Irvine Castlepark North,S02000845
397,North Ayrshire,Stevenston Ardeer,S02000844
398,North Ayrshire,Irvine Perceton and Lawthorn,S02000843
399,North Ayrshire,Springside and Rural,S02000842
400,North Ayrshire,Arran,S02000832
401,North Ayrshire,Irvine Tarryholme,S02000833
402,North Ayrshire,Dreghorn,S02000834
403,North Ayrshire,Irvine Fullarton,S02000835
404,North Ayrshire,Irvine Broomlands,S02000836
405,North Ayrshire,Irvine Bourtreehill,S02000837
406,North Ayrshire,Irvine Central,S02000838
407,North Ayrshire,Irvine East,S02000839
408,North Ayrshire,Irvine Girdle Toll and Staneca,S02000840
409,North Ayrshire,Irvine Castlepark South,S02000841
410,North Ayrshire,Dalry East and Rural,S02000859
411,North Ayrshire,Fairlie and Rural,S02000860
412,North Ayrshire,Dalry West,S02000861
413,North Ayrshire,Beith East and Rural,S02000862
414,North Ayrshire,Kilbirnie South and Longbar,S02000863
415,North Ayrshire,Beith West,S02000864
416,North Ayrshire,Kilbirnie North,S02000865
417,North Ayrshire,Largs Central and Cumbrae,S02000866
418,North Ayrshire,Skelmorlie and Rural,S02000867
419,North Ayrshire,Largs South,S02000868
420,North Ayrshire,Largs North,S02000869
421,North Ayrshire,West Kilbride and Seamill,S02000858
422,North Ayrshire,Kilwinning Central and North,S02000857
423,North Ayrshire,Kilwinning Whitehirst Park and Woodside,S02000856
424,North Ayrshire,Ardrossan North East,S02000855
425,North Ayrshire,Ardrossan North West,S02000854
426,Orkney Islands,"Stromness, Sandwick and Stenness",S02000946
427,Orkney Islands,Isles,S02000947
428,Orkney Islands,West Mainland,S02000948
429,Orkney Islands,East Mainland,S02000943
430,Orkney Islands,West Kirkwall,S02000944
431,Orkney Islands,East Kirkwall,S02000945
432,Perth and Kinross,Auchterarder,S02000953
433,Perth and Kinross,Gannochy and Walnut Grove,S02000961
434,Perth and Kinross,"Comrie, Gilmerton and St Fillans",S02000960
435,Perth and Kinross,Moncrieffe and Friarton,S02000959
436,Perth and Kinross,Crieff North,S02000958
437,Perth and Kinross,Crieff South,S02000957
438,Perth and Kinross,Aberuthven and Almondbank,S02000956
439,Perth and Kinross,Bridge of Earn and Abernethy,S02000955
440,Perth and Kinross,Burghmuir and Oakbank,S02000962
441,Perth and Kinross,"Viewlands, Craigie and Wellshill",S02000963
442,Perth and Kinross,"Central, North Inch and South Inch",S02000964
443,Perth and Kinross,Letham,S02000965
444,Perth and Kinross,Western Edge,S02000966
445,Perth and Kinross,Muirton,S02000967
446,Perth and Kinross,Scone,S02000968
447,Perth and Kinross,"Hillyland, Tulloch and Inveralmond",S02000969
448,Perth and Kinross,Errol and Inchture,S02000970
449,Perth and Kinross,North Muirton and Old Scone,S02000971
450,Perth and Kinross,"Guildtown, Balbeggie and St Madoes",S02000972
451,Perth and Kinross,"Invergowrie, Longforgan and Abernyte",S02000973
452,Perth and Kinross,Luncarty and Dunkeld,S02000974
453,Perth and Kinross,Stanley and Murthly,S02000975
454,Perth and Kinross,Coupar Angus and Meigle,S02000976
455,Perth and Kinross,Blairgowrie West,S02000977
456,Perth and Kinross,Blairgowrie East (Rattray),S02000978
457,Perth and Kinross,Alyth,S02000979
458,Perth and Kinross,Pitlochry,S02000980
459,Perth and Kinross,Rannoch and Aberfeldy,S02000981
460,Perth and Kinross,"Blair Atholl, Strathardle and Glenshee",S02000982
461,Perth and Kinross,"Glenfarg, Dunning and Rhynd",S02000954
462,Perth and Kinross,"Muthill, Greenloaning and Gleneagles",S02000952
463,Perth and Kinross,Milnathort and Crook of Devon,S02000951
464,Perth and Kinross,Kinross,S02000950
465,Perth and Kinross,"Powmill, Cleish and Scotlandwell",S02000949
466,Scottish Borders,Newcastleton and Teviot area,S02001021
467,Scottish Borders,Hawick West End,S02001022
468,Scottish Borders,Hawick Central,S02001023
469,Scottish Borders,Hawick North,S02001024
470,Scottish Borders,Cheviot West,S02001025
471,Scottish Borders,Burnfoot and area,S02001026
472,Scottish Borders,Jedburgh,S02001027
473,Scottish Borders,"Ettrick, Yarrow and Yair",S02001028
474,Scottish Borders,Cheviot East,S02001029
475,Scottish Borders,Selkirk,S02001030
476,Scottish Borders,St Boswells and Newtown area,S02001031
477,Scottish Borders,Kelso South,S02001032
478,Scottish Borders,Melrose and Tweedbank area,S02001033
479,Scottish Borders,Kelso North,S02001034
480,Scottish Borders,Galashiels South,S02001035
481,Scottish Borders,Langlee,S02001036
482,Scottish Borders,Galashiels West,S02001037
483,Scottish Borders,Galashiels North,S02001038
484,Scottish Borders,Innerleithen and Walkerburn area,S02001039
485,Scottish Borders,West Linton and Broughton area,S02001040
486,Scottish Borders,Peebles South,S02001041
487,Scottish Borders,Peebles North,S02001042
488,Scottish Borders,Coldstream and area,S02001043
489,Scottish Borders,"Earlston, Lauder and Stow area",S02001044
490,Scottish Borders,Berwickshire West,S02001045
491,Scottish Borders,Duns,S02001046
492,Scottish Borders,Berwickshire Central,S02001047
493,Scottish Borders,Berwickshire East,S02001048
494,Scottish Borders,Eyemouth,S02001049
495,Shetland Islands,Lerwick South,S02001051
496,Shetland Islands,Lerwick North,S02001052
497,Shetland Islands,East and West Mainland,S02001054
498,Shetland Islands,North Mainland,S02001055
499,Shetland Islands,North and East Isles,S02001056
500,Shetland Islands,Central Shetland,S02001053
501,Shetland Islands,Shetland South,S02001050
502,South Ayrshire,Carrick North,S02001060
503,South Ayrshire,Maybole,S02001061
504,South Ayrshire,Alloway and Doonfoot,S02001062
505,South Ayrshire,Coylton,S02001063
506,South Ayrshire,Castlehill and Kincaidston,S02001064
507,South Ayrshire,Belmont,S02001065
508,South Ayrshire,Girvan Glendoune,S02001058
509,South Ayrshire,Holmston and Forehill,S02001066
510,South Ayrshire,Ayr South Harbour and Town Centre,S02001067
511,South Ayrshire,Dalmilling and Craigie,S02001068
512,South Ayrshire,"Ayr North Harbour, Wallacetown and Newton South",S02001069
513,South Ayrshire,"Lochside, Braehead and Whitletts",S02001070
514,South Ayrshire,Newton North,S02001071
515,South Ayrshire,Heathfield,S02001072
516,South Ayrshire,Prestwick East,S02001073
517,South Ayrshire,Prestwick West,S02001074
518,South Ayrshire,Prestwick Airport and Monkton,S02001075
519,South Ayrshire,"Annbank, Mossblown and Tarbolton - the Coalfields",S02001076
520,South Ayrshire,Troon,S02001077
521,South Ayrshire,Muirhead,S02001078
522,South Ayrshire,Barassie,S02001079
523,South Ayrshire,"Dundonald, Loans and Symington",S02001080
524,South Ayrshire,Carrick South,S02001057
525,South Ayrshire,Girvan Ailsa,S02001059
526,South Lanarkshire,"Larkhall Central, Raploch, Millheugh and Burnhead",S02001102
527,South Lanarkshire,Hareleeshill,S02001101
528,South Lanarkshire,Carluke East,S02001100
529,South Lanarkshire,Carluke South,S02001099
530,South Lanarkshire,"Glassford, Quarter and Allanton",S02001098
531,South Lanarkshire,Strutherhill,S02001097
532,South Lanarkshire,"Crossford, Braidwood and Yieldshields",S02001096
533,South Lanarkshire,Ashgill and Netherburn,S02001095
534,South Lanarkshire,Strathaven North,S02001094
535,South Lanarkshire,"Carstairs, Carstairs Junction and Carnwath",S02001093
536,South Lanarkshire,Stonehouse,S02001092
537,South Lanarkshire,Lanark North East,S02001091
538,South Lanarkshire,Lanark North West,S02001090
539,South Lanarkshire,Strathaven South,S02001089
540,South Lanarkshire,Kirkmuirhill and Blackwood,S02001088
541,South Lanarkshire,Hazelbank and Kirkfieldbank,S02001087
542,South Lanarkshire,Lanark South,S02001086
543,South Lanarkshire,"Biggar, Symington, Thankerton and Dolphinton",S02001085
544,South Lanarkshire,Lesmahagow,S02001084
545,South Lanarkshire,"Chapelton, Glengavel and Sandford",S02001083
546,South Lanarkshire,"Douglas, Coalburn and Rigside",S02001082
547,South Lanarkshire,Clydesdale South,S02001081
548,South Lanarkshire,Whitlawburn and Greenlees,S02001148
549,South Lanarkshire,Bothwell North,S02001147
550,South Lanarkshire,Fernhill and Cathkin,S02001146
551,South Lanarkshire,Bothwell South,S02001145
552,South Lanarkshire,Blantytre North and Coatshill,S02001144
553,South Lanarkshire,Blantyre South and Wheatlands,S02001143
554,South Lanarkshire,Whitehill,S02001142
555,South Lanarkshire,Burnbank North,S02001141
556,South Lanarkshire,High Blantyre,S02001140
557,South Lanarkshire,Hamilton Centre and Low Parks,S02001139
558,South Lanarkshire,Calderwood East,S02001138
559,South Lanarkshire,Burnbank Central and Udston,S02001137
560,South Lanarkshire,Calderwood Central,S02001136
561,South Lanarkshire,Stewartfield East,S02001135
562,South Lanarkshire,Hillhouse,S02001134
563,South Lanarkshire,Burnbank South and Chantinghall,S02001133
564,South Lanarkshire,Calderwood West and Nerston,S02001132
565,South Lanarkshire,Stewartfield West,S02001131
566,South Lanarkshire,East Mains,S02001130
567,South Lanarkshire,Laighstonehall,S02001129
568,South Lanarkshire,Earnock,S02001128
569,South Lanarkshire,Vicarland and Cairns,S02001149
570,South Lanarkshire,Burnside and Springhall,S02001150
571,South Lanarkshire,Low Blantyre and Bardykes,S02001151
572,South Lanarkshire,Spittal,S02001152
573,South Lanarkshire,Cambuslang Central,S02001153
574,South Lanarkshire,High Crosshill,S02001154
575,South Lanarkshire,Uddingston and Gardenside,S02001155
576,South Lanarkshire,"Halfway, Hallside and Drumsagard",S02001156
577,South Lanarkshire,Westburn and Newton,S02001157
578,South Lanarkshire,Bankhead South,S02001158
579,South Lanarkshire,"Burgh, Eastfield and Silverbank",S02001159
580,South Lanarkshire,Burnhill and Bankhead North,S02001160
581,South Lanarkshire,Shawfield and Clincarthill,S02001161
582,South Lanarkshire,Farme Cross and Gallowflat North,S02001162
583,South Lanarkshire,Silvertonhill,S02001127
584,South Lanarkshire,St Leonards North,S02001126
585,South Lanarkshire,West Mains,S02001125
586,South Lanarkshire,"Thorntonhall, Jackton and Gardenhall",S02001124
587,South Lanarkshire,Westwood East,S02001123
588,South Lanarkshire,Fairhill,S02001122
589,South Lanarkshire,St Leonards South,S02001121
590,South Lanarkshire,Hairmyres and Westwood West,S02001120
591,South Lanarkshire,Low Waters,S02001119
592,South Lanarkshire,Woodhead and Meikle Earnock,S02001118
593,South Lanarkshire,The Murray,S02001117
594,South Lanarkshire,Westwood South,S02001116
595,South Lanarkshire,Eddlewood,S02001115
596,South Lanarkshire,Nerston and EK Landward Area,S02001114
597,South Lanarkshire,"Forth, Braehead and Auchengray",S02001113
598,South Lanarkshire,"Birniehill, Kelvin and Whitehills East",S02001112
599,South Lanarkshire,Little Earnock,S02001111
600,South Lanarkshire,Mossneuk and Newlandsmuir,S02001110
601,South Lanarkshire,Greenhills,S02001109
602,South Lanarkshire,Whitehills West,S02001108
603,South Lanarkshire,Law,S02001107
604,South Lanarkshire,Merryton and Meadowhill,S02001106
605,South Lanarkshire,Crosshouse and Lindsayfield,S02001105
606,South Lanarkshire,Carluke North,S02001104
607,South Lanarkshire,Carluke West,S02001103
608,Stirling,Highland,S02001183
609,Stirling,Callander,S02001182
610,Stirling,Dunblane East,S02001181
611,Stirling,Dunblane West,S02001180
612,Stirling,Teith Valley,S02001179
613,Stirling,Bridge of Allan,S02001178
614,Stirling,Logie,S02001177
615,Stirling,Western Villages,S02001176
616,Stirling,Wallace,S02001175
617,Stirling,Raploch,S02001174
618,Stirling,Forthside,S02001173
619,Stirling,Town Centre,S02001172
620,Stirling,Torbrex,S02001171
621,Stirling,Fallin,S02001170
622,Stirling,Stirling East,S02001169
623,Stirling,Borestone,S02001168
624,Stirling,Strathendrick,S02001167
625,Stirling,Cambusbarron and Carron Vall,S02001166
626,Stirling,Bannockburn,S02001165
627,Stirling,Sauchenford,S02001164
628,Stirling,Blane Valley,S02001163
629,Aberdeen City,George Street,S02000024
630,Aberdeen City,Mastrick,S02000025
631,Aberdeen City,Ashgrove,S02000026
632,Aberdeen City,Sheddocksley,S02000027
633,Aberdeen City,Stockethill,S02000028
634,Aberdeen City,"Froghall, Powis and Sunnybank",S02000029
635,Aberdeen City,Cummings Park,S02000030
636,Aberdeen City,Northfield,S02000031
637,Aberdeen City,Seaton,S02000032
638,Aberdeen City,Hilton,S02000033
639,Aberdeen City,Heathryfold and Middlefield,S02000034
640,Aberdeen City,Kingswells,S02000035
641,Aberdeen City,Tillydrone,S02000036
642,Aberdeen City,Old Aberdeen,S02000037
643,Aberdeen City,Woodside,S02000038
644,Aberdeen City,Cove South,S02000001
645,Aberdeen City,"Kincorth, Leggart and Nigg South",S02000002
646,Aberdeen City,Culter,S02000003
647,Aberdeen City,"Cults, Bieldside and Milltimber East",S02000004
648,Aberdeen City,Cove North,S02000005
649,Aberdeen City,"Kincorth, Leggart and Nigg North",S02000006
650,Aberdeen City,"Cults, Bieldside and Milltimber West",S02000007
651,Aberdeen City,Garthdee,S02000008
652,Aberdeen City,"Braeside, Mannofield, Broomhill and Seafield South",S02000009
653,Aberdeen City,Ferryhill South,S02000010
654,Aberdeen City,"Braeside, Mannofield, Broomhill and Seafield East",S02000011
655,Aberdeen City,Torry West,S02000012
656,Aberdeen City,"Braeside, Mannofield, Broomhill and Seafield North",S02000013
657,Aberdeen City,Hazlehead,S02000014
658,Aberdeen City,Torry East,S02000015
659,Aberdeen City,Ferryhill North,S02000016
660,Aberdeen City,West End South,S02000017
661,Aberdeen City,City Centre,S02000018
662,Aberdeen City,West End North,S02000019
663,Aberdeen City,Summerhill,S02000020
664,Aberdeen City,Rosemount,S02000021
665,Aberdeen City,Hanover,S02000022
666,Aberdeen City,Midstocket,S02000023
667,Aberdeen City,Dyce,S02000047
668,Aberdeen City,Denmore,S02000046
669,Aberdeen City,Oldmachar West,S02000045
670,Aberdeen City,Oldmachar East,S02000044
671,Aberdeen City,Bucksburn North,S02000043
672,Aberdeen City,Balgownie and Donmouth East,S02000042
673,Aberdeen City,Balgownie and Donmouth West,S02000041
674,Aberdeen City,Danestone,S02000040
675,Aberdeen City,Bucksburn South,S02000039
676,Aberdeenshire,Fraserburgh Lochpots,S02000102
677,Aberdeenshire,Fraserburgh Central-Academy,S02000103
678,Aberdeenshire,Fraserburgh Harbour and Broadsea,S02000104
679,Aberdeenshire,Aboyne and South Deeside,S02000054
680,Aberdeenshire,"Fetteresso, Netherley and Catter",S02000053
681,Aberdeenshire,Stonehaven North,S02000052
682,Aberdeenshire,Stonehaven South,S02000051
683,Aberdeenshire,Mearns North and Inverbervie,S02000050
684,Aberdeenshire,Mearns and Laurencekirk,S02000049
685,Aberdeenshire,Mearns South and Benholm,S02000048
686,Aberdeenshire,Newtonhill,S02000055
687,Aberdeenshire,East Cairngorms,S02000056
688,Aberdeenshire,Banchory,S02000057
689,Aberdeenshire,Portlethen,S02000058
690,Aberdeenshire,Banchory-Devenick and Findon,S02000059
691,Aberdeenshire,Crathes and Torphins,S02000060
692,Aberdeenshire,"Dunecht, Durris and Drumoak",S02000061
693,Aberdeenshire,Garlogie and Elrick,S02000062
694,Aberdeenshire,Westhill Central,S02000063
695,Aberdeenshire,Westhill North and South,S02000064
696,Aberdeenshire,Cromar and Kildrummy,S02000065
697,Aberdeenshire,Kintore and Blackburn,S02000066
698,Aberdeenshire,Kemnay,S02000067
699,Aberdeenshire,Howe of Alford,S02000068
700,Aberdeenshire,Balmedie and Potterton,S02000069
701,Aberdeenshire,Newmachar and Fintray,S02000070
702,Aberdeenshire,Inverurie South,S02000071
703,Aberdeenshire,Inverurie North,S02000072
704,Aberdeenshire,Durno-Chapel of Garioch,S02000073
705,Aberdeenshire,Barrahill,S02000074
706,Aberdeenshire,Ythsie,S02000075
707,Aberdeenshire,Ellon East,S02000076
708,Aberdeenshire,Ellon West,S02000077
709,Aberdeenshire,Ythanside,S02000078
710,Aberdeenshire,"Insch, Oyne and Ythanwells",S02000079
711,Aberdeenshire,Clashindarroch,S02000080
712,Aberdeenshire,Fyvie-Rothie,S02000081
713,Aberdeenshire,Cruden,S02000082
714,Aberdeenshire,Huntly,S02000083
715,Aberdeenshire,Auchnagatt,S02000084
716,Aberdeenshire,Peterhead Links,S02000085
717,Aberdeenshire,Peterhead Bay,S02000086
718,Aberdeenshire,Auchterless and Monquhitter,S02000087
719,Aberdeenshire,Peterhead Harbour,S02000088
720,Aberdeenshire,Peterhead Ugieside,S02000089
721,Aberdeenshire,Mintlaw,S02000090
722,Aberdeenshire,Turriff,S02000091
723,Aberdeenshire,Longside and Rattray,S02000092
724,Aberdeenshire,Deer and Mormond,S02000093
725,Aberdeenshire,New Pitsligo,S02000094
726,Aberdeenshire,Aberchirder and Whitehills,S02000095
727,Aberdeenshire,Gardenstown and King Edward,S02000096
728,Aberdeenshire,"Portsoy, Fordyce and Cornhill",S02000097
729,Aberdeenshire,Rosehearty and Strathbeg,S02000098
730,Aberdeenshire,Banff,S02000099
731,Aberdeenshire,Macduff,S02000100
732,Aberdeenshire,Fraserburgh Smiddyhill,S02000101
733,Argyll and Bute,"Mull, Iona, Coll and Tiree",S02000151
734,Argyll and Bute,Benderloch Trail,S02000150
735,Argyll and Bute,Oban North,S02000149
736,Argyll and Bute,Oban South,S02000148
737,Argyll and Bute,Loch Awe,S02000147
738,Argyll and Bute,Cowal North,S02000146
739,Argyll and Bute,Mid Argyll,S02000145
740,Argyll and Bute,Lomond Shore,S02000144
741,Argyll and Bute,Garelochhead,S02000143
742,Argyll and Bute,Greater Lochgilphead,S02000142
743,Argyll and Bute,Helensburgh West and Rhu,S02000141
744,Argyll and Bute,Helensburgh North,S02000140
745,Argyll and Bute,Helensburgh Centre,S02000139
746,Argyll and Bute,Helensburgh East,S02000138
747,Argyll and Bute,Cowal South,S02000137
748,Argyll and Bute,Hunter's Quay,S02000136
749,Argyll and Bute,Dunoon,S02000135
750,Argyll and Bute,Whiskey Isles,S02000134
751,Argyll and Bute,Rothesay Town,S02000133
752,Argyll and Bute,Bute,S02000132
753,Argyll and Bute,Kintyre Trail,S02000131
754,Argyll and Bute,Campbeltown,S02000130
755,City of Edinburgh,Colinton and Kingsknowe,S02000344
756,City of Edinburgh,Moredun,S02000345
757,City of Edinburgh,Liberton West,S02000346
758,City of Edinburgh,Braids,S02000347
759,City of Edinburgh,Clovenstone and Drumbryden,S02000348
760,City of Edinburgh,The Inch,S02000349
761,City of Edinburgh,Calders,S02000350
762,City of Edinburgh,Craiglockhart,S02000351
763,City of Edinburgh,Craighouse and South Morningside,S02000352
764,City of Edinburgh,Parkhead,S02000353
765,City of Edinburgh,Greendykes and Niddrie Mains,S02000354
766,City of Edinburgh,Blackford,S02000355
767,City of Edinburgh,Longstone and Saughton Mains,S02000356
768,City of Edinburgh,Morningside,S02000357
769,City of Edinburgh,Broomhouse and Sighthill,S02000358
770,City of Edinburgh,Hutchison and Moat,S02000359
771,City of Edinburgh,Merchiston and Greenhill,S02000360
772,City of Edinburgh,Grange,S02000361
773,City of Edinburgh,Niddrie,S02000362
774,City of Edinburgh,South Gyle,S02000363
775,City of Edinburgh,Prestonfield,S02000364
776,City of Edinburgh,Shandon,S02000365
777,City of Edinburgh,Forrester Park and Broomhall,S02000366
778,City of Edinburgh,Stenhouse,S02000367
779,City of Edinburgh,"Jewel, Brunstane and Newcraighall",S02000368
780,City of Edinburgh,"Ratho, Gogarburn and Airport",S02000369
781,City of Edinburgh,Dalkeith Rd,S02000370
782,City of Edinburgh,Marchmont West,S02000371
783,City of Edinburgh,Carrick Knowe,S02000372
784,City of Edinburgh,Gorgie West,S02000373
785,City of Edinburgh,Marchmont East and Sciennes,S02000374
786,City of Edinburgh,Polwarth,S02000375
787,City of Edinburgh,Bruntsfield,S02000376
788,City of Edinburgh,Gorgie East,S02000377
789,City of Edinburgh,"Bingham, Magdalene and the Christians",S02000378
790,City of Edinburgh,Meadows,S02000379
791,City of Edinburgh,Balgreen and Roseburn,S02000380
792,City of Edinburgh,Dalry and Fountainbridge,S02000381
793,City of Edinburgh,Willowbrae and Duddingston Village,S02000382
794,City of Edinburgh,Corstorphine,S02000383
795,City of Edinburgh,Duddingston,S02000384
796,City of Edinburgh,Tollcross,S02000385
797,City of Edinburgh,Joppa,S02000386
798,City of Edinburgh,Southside and Canongate,S02000387
799,City of Edinburgh,East Craigs,S02000388
800,City of Edinburgh,"Dean, West End and West Coates",S02000389
801,City of Edinburgh,Murrayfield and Ravelston,S02000390
802,City of Edinburgh,Kirkliston,S02000391
803,City of Edinburgh,Northfield,S02000392
804,City of Edinburgh,Old Town and Leith Street,S02000393
805,City of Edinburgh,Clerwood and Corstorphine (Hillview),S02000394
806,City of Edinburgh,Mountcastle,S02000395
807,City of Edinburgh,Portobello,S02000396
808,City of Edinburgh,Blackhall,S02000397
809,City of Edinburgh,New Town West,S02000398
810,City of Edinburgh,Bughtlin and Parkgrove,S02000399
811,City of Edinburgh,Clermiston,S02000400
812,City of Edinburgh,"Abbeyhill, Meadowbank and Marionville",S02000401
813,City of Edinburgh,Hillside and Calton Hill,S02000402
814,City of Edinburgh,Restalrig (Loganlea),S02000403
815,City of Edinburgh,Stockbridge,S02000404
816,City of Edinburgh,New Town East,S02000405
817,City of Edinburgh,Craigentinny,S02000406
818,City of Edinburgh,Craigleith,S02000407
819,City of Edinburgh,Comely Bank,S02000408
820,City of Edinburgh,Lorne,S02000409
821,City of Edinburgh,Restalrig and Lochend,S02000410
822,City of Edinburgh,Drylaw,S02000411
823,City of Edinburgh,Broughton,S02000412
824,City of Edinburgh,Barnton and Cammo,S02000413
825,City of Edinburgh,Hermitage Park and Prospect Bank,S02000414
826,City of Edinburgh,Inverleith,S02000415
827,City of Edinburgh,South Leith,S02000416
828,City of Edinburgh,Silverknowes and Davidson's Mains,S02000417
829,City of Edinburgh,Bonnington and Pilrig,S02000418
830,City of Edinburgh,Muirhouse,S02000419
831,City of Edinburgh,Great Junction Street,S02000420
832,City of Edinburgh,Cramond,S02000421
833,City of Edinburgh,West Pilton,S02000422
834,City of Edinburgh,Boswall and Pilton,S02000423
835,City of Edinburgh,East Trinity and Bonnyhaugh,S02000424
836,City of Edinburgh,Trinity,S02000425
837,City of Edinburgh,Leith Docks,S02000426
838,City of Edinburgh,North Leith and Newhaven,S02000427
839,City of Edinburgh,Waterfront and Granton,S02000428
840,City of Edinburgh,South Queensferry (East) and Dalmeny,S02000429
841,City of Edinburgh,South Queensferry West,S02000430
842,City of Edinburgh,Balerno,S02000330
843,City of Edinburgh,Bonaly and Pentlands,S02000331
844,City of Edinburgh,South East Bypass,S02000332
845,City of Edinburgh,"Gracemount, Southouse and Burdiehouse",S02000333
846,City of Edinburgh,Mortonhall,S02000334
847,City of Edinburgh,Fairmilehead,S02000335
848,City of Edinburgh,Comiston and Swanston,S02000336
849,City of Edinburgh,Currie East,S02000337
850,City of Edinburgh,Hyvots and Gilmerton Dykes,S02000338
851,City of Edinburgh,Currie West,S02000339
852,City of Edinburgh,Baberton and Juniper Green,S02000340
853,City of Edinburgh,Oxgangs and Firrhill,S02000341
854,City of Edinburgh,Liberton East,S02000342
855,City of Edinburgh,"Ferniehill,  South Moredun and Craigour",S02000343
856,Renfrewshire,Paisley Ralston,S02001002
857,Renfrewshire,Paisley Ferguslie,S02001003
858,Renfrewshire,Paisley North East,S02001004
859,Renfrewshire,Linwood South,S02001005
860,Renfrewshire,Linwood North,S02001006
861,Renfrewshire,Paisley Gallowhill and Hillington,S02001007
862,Renfrewshire,Bridge of Weir,S02001008
863,Renfrewshire,Houston South,S02001009
864,Renfrewshire,Paisley North,S02001010
865,Renfrewshire,Renfrew South,S02001011
866,Renfrewshire,Houston North,S02001012
867,Renfrewshire,Renfrew East,S02001013
868,Renfrewshire,Renfrew West,S02001014
869,Renfrewshire,Renfrewshire Rural North and Langbank,S02001015
870,Renfrewshire,Renfrew North,S02001016
871,Renfrewshire,Erskine East and Inchinnan,S02001017
872,Renfrewshire,Erskine Central,S02001018
873,Renfrewshire,Erskine West,S02001019
874,Renfrewshire,Bishopton,S02001020
875,Renfrewshire,Lochwinnoch,S02000983
876,Renfrewshire,Renfrewshire Rural South & Howwood,S02000984
877,Renfrewshire,Paisley Glenburn West,S02000985
878,Renfrewshire,Paisley Glenburn East,S02000986
879,Renfrewshire,Paisley Foxbar,S02000987
880,Renfrewshire,Johnstone South West,S02000988
881,Renfrewshire,Paisley Dykebar,S02000989
882,Renfrewshire,Paisley South West,S02000990
883,Renfrewshire,Paisley South East,S02000991
884,Renfrewshire,Johnstone South East,S02000992
885,Renfrewshire,Paisley South,S02000993
886,Renfrewshire,Johnstone North West,S02000994
887,Renfrewshire,Paisley West,S02000995
888,Renfrewshire,Kilbarchan,S02000996
889,Renfrewshire,Paisley East,S02000997
890,Renfrewshire,Johnstone North East,S02000998
891,Renfrewshire,Elderslie and Phoenix,S02000999
892,Renfrewshire,Paisley Central,S02001000
893,Renfrewshire,Paisley North West,S02001001
894,West Dunbartonshire,IZ Five,S02001188
895,West Dunbartonshire,IZ Eighteen,S02001201
896,West Dunbartonshire,IZ Seventeen,S02001200
897,West Dunbartonshire,IZ Sixteen,S02001199
898,West Dunbartonshire,IZ Fifteen,S02001198
899,West Dunbartonshire,IZ Fourteen,S02001197
900,West Dunbartonshire,IZ Thirteen,S02001196
901,West Dunbartonshire,IZ Twelve,S02001195
902,West Dunbartonshire,IZ Eleven,S02001194
903,West Dunbartonshire,IZ Six,S02001189
904,West Dunbartonshire,IZ Seven,S02001190
905,West Dunbartonshire,IZ Eight,S02001191
906,West Dunbartonshire,IZ Nine,S02001192
907,West Dunbartonshire,IZ Ten,S02001193
908,West Dunbartonshire,IZ One,S02001184
909,West Dunbartonshire,IZ Two,S02001185
910,West Dunbartonshire,IZ Three,S02001186
911,West Dunbartonshire,IZ Four,S02001187
912,West Lothian,Knightsridge,S02001223
913,West Lothian,Starlaw,S02001224
914,West Lothian,Bathgate East,S02001225
915,West Lothian,Houston,S02001226
916,West Lothian,Broxburn,S02001227
917,West Lothian,Westfield,S02001228
918,West Lothian,Dechmont,S02001229
919,West Lothian,Uphall,S02001230
920,West Lothian,Kirkhill,S02001231
921,West Lothian,Linlithgow South,S02001232
922,West Lothian,Deans,S02001221
923,West Lothian,Eliburn,S02001220
924,West Lothian,Bathgate West,S02001219
925,West Lothian,Winchburgh,S02001233
926,West Lothian,Linlithgow North,S02001234
927,West Lothian,Linlithgow Bridge,S02001235
928,West Lothian,Craigshill,S02001218
929,West Lothian,Calderwood,S02001217
930,West Lothian,Ladywell,S02001216
931,West Lothian,Blackridge,S02001215
932,West Lothian,Howden,S02001214
933,West Lothian,East Calder,S02001213
934,West Lothian,Blackburn,S02001212
935,West Lothian,Dedridge,S02001211
936,West Lothian,Kirkton,S02001210
937,West Lothian,Oakbank,S02001209
938,West Lothian,Murieston,S02001208
939,West Lothian,Whitburn Central,S02001207
940,West Lothian,Greenrigg,S02001206
941,West Lothian,Blaeberry Hill,S02001205
942,West Lothian,Fauldhouse,S02001204
943,West Lothian,West Calder,S02001203
944,West Lothian,Breich Valley,S02001202
945,West Lothian,Armadale,S02001222
946,Angus,Angus Glens,S02000129
947,Angus,Hillside,S02000128
948,Angus,Brechin West,S02000127
949,Angus,Brechin East,S02000126
950,Angus,Montrose North,S02000125
951,Angus,Montrose South,S02000124
952,Angus,Kirriemuir,S02000123
953,Angus,Friockheim,S02000122
954,Angus,Lunan,S02000121
955,Angus,Forfar East,S02000120
956,Angus,Forfar Central,S02000119
957,Angus,Forfar West,S02000118
958,Angus,Kirriemuir Landward,S02000117
959,Angus,Letham and Glamis,S02000116
960,Angus,Arbroath Warddykes,S02000115
961,Angus,Arbroath Cliffburn,S02000114
962,Angus,Arbroath Kirkton,S02000113
963,Angus,Arbroath Harbour,S02000112
964,Angus,Arbroath Keptie,S02000111
965,Angus,South Angus,S02000110
966,Angus,Monikie,S02000109
967,Angus,Carnoustie East,S02000108
968,Angus,Carnoustie West,S02000107
969,Angus,Monifieth East,S02000106
970,Angus,Monifieth West,S02000105
971,Dundee City,Perth Road,S02000199
972,Dundee City,Westend,S02000200
973,Dundee City,City Centre,S02000201
974,Dundee City,Logie and Blackness,S02000202
975,Dundee City,Docks and Wellgate,S02000203
976,Dundee City,Balgay,S02000204
977,Dundee City,Menzieshill,S02000205
978,Dundee City,Broughty Ferry Wes,S02000206
979,Dundee City,Craigie and Craigiebank,S02000207
980,Dundee City,Stobswell,S02000208
981,Dundee City,Fintry,S02000229
982,Dundee City,Kirkton,S02000228
983,Dundee City,Downfield,S02000227
984,Dundee City,Whitfield,S02000226
985,Dundee City,Ardler and St Marys,S02000225
986,Dundee City,West Pitkerro,S02000224
987,Dundee City,Caird Park,S02000223
988,Dundee City,Douglas West,S02000222
989,Dundee City,Linlathen and Midcraigie,S02000221
990,Dundee City,Western Edge,S02000220
991,Dundee City,Fairmuir,S02000219
992,Dundee City,Douglas East,S02000218
993,Dundee City,The Glens,S02000217
994,Dundee City,Charleston,S02000216
995,Dundee City,Baxter Park,S02000215
996,Dundee City,Lochee,S02000214
997,Dundee City,Broughty Ferry East,S02000213
998,Dundee City,Barnhill,S02000212
999,Dundee City,Hilltown,S02000211
1000,Dundee City,West Ferry,S02000210
1001,Dundee City,Law,S02000209
1002,North Lanarkshire,Overtown,S02000870
1003,North Lanarkshire,Pather,S02000871
1004,North Lanarkshire,Wishaw East,S02000872
1005,North Lanarkshire,Wishaw South,S02000873
1006,North Lanarkshire,Netherton and Kirkhill,S02000874
1007,North Lanarkshire,Newmains,S02000875
1008,North Lanarkshire,Muirhouse and Knowetop,S02000876
1009,North Lanarkshire,Wishaw North,S02000877
1010,North Lanarkshire,Craigneuk Wishaw,S02000878
1011,North Lanarkshire,Ladywell,S02000879
1012,North Lanarkshire,Coltness,S02000880
1013,North Lanarkshire,Motherwell South,S02000881
1014,North Lanarkshire,Motherwell West,S02000882
1015,North Lanarkshire,Motherwell North,S02000883
1016,North Lanarkshire,Allanton,S02000884
1017,North Lanarkshire,Cleland,S02000885
1018,North Lanarkshire,Forgewood,S02000886
1019,North Lanarkshire,"Carfin, Cleekhimin and New Stevenston",S02000887
1020,North Lanarkshire,Orbiston,S02000888
1021,North Lanarkshire,Stane,S02000889
1022,North Lanarkshire,Milnwood,S02000890
1023,North Lanarkshire,Newarthill,S02000891
1024,North Lanarkshire,Bellshill South,S02000892
1025,North Lanarkshire,Holytown,S02000893
1026,North Lanarkshire,Shotts,S02000894
1027,North Lanarkshire,Fallside,S02000895
1028,North Lanarkshire,Carfin North,S02000896
1029,North Lanarkshire,Hattonrigg,S02000897
1030,North Lanarkshire,Bellshill Central,S02000898
1031,North Lanarkshire,Viewpark,S02000899
1032,North Lanarkshire,Shawhead and Whifflet,S02000900
1033,North Lanarkshire,Birkenshaw,S02000901
1034,North Lanarkshire,Chapelhall West,S02000902
1035,North Lanarkshire,Chapelhall East,S02000903
1036,North Lanarkshire,Greenend and Carnbroe,S02000904
1037,North Lanarkshire,Kirkshaws,S02000905
1038,North Lanarkshire,Harthill and Salsburgh,S02000906
1039,North Lanarkshire,Kirkwood and Bargeddie,S02000907
1040,North Lanarkshire,Cairnhill,S02000908
1041,North Lanarkshire,Dundyvan,S02000909
1042,North Lanarkshire,Petersburn,S02000910
1043,North Lanarkshire,Cliftonville South,S02000911
1044,North Lanarkshire,Gartlea,S02000912
1045,North Lanarkshire,Coatbridge West,S02000913
1046,North Lanarkshire,Craigneuk Airdrie,S02000914
1047,North Lanarkshire,Coatdyke and Whinhall,S02000915
1048,North Lanarkshire,Sunnyside and Cliftonville,S02000916
1049,North Lanarkshire,Drumgelloch,S02000917
1050,North Lanarkshire,Airdrie North,S02000918
1051,North Lanarkshire,Townhead,S02000919
1052,North Lanarkshire,Thrashbush,S02000920
1053,North Lanarkshire,Caldercruix and Plains,S02000921
1054,North Lanarkshire,Glenmavis and Greengairs,S02000922
1055,North Lanarkshire,Stepps,S02000923
1056,North Lanarkshire,Gartcosh and Marnock,S02000924
1057,North Lanarkshire,Chryston and Muirhead,S02000925
1058,North Lanarkshire,Moodiesburn West,S02000926
1059,North Lanarkshire,Moodiesburn East,S02000927
1060,North Lanarkshire,Condorrat,S02000928
1061,North Lanarkshire,Greenfaulds,S02000929
1062,North Lanarkshire,Westfield,S02000930
1063,North Lanarkshire,Seafar,S02000931
1064,North Lanarkshire,Abronhill South,S02000932
1065,North Lanarkshire,Balloch East,S02000933
1066,North Lanarkshire,Cumbernauld Central,S02000934
1067,North Lanarkshire,Kildrum,S02000935
1068,North Lanarkshire,Balloch West,S02000936
1069,North Lanarkshire,Abronhill North,S02000937
1070,North Lanarkshire,Carrickstone,S02000938
1071,North Lanarkshire,Village and Castlecary,S02000939
1072,North Lanarkshire,Kilsyth Bogside,S02000940
1073,North Lanarkshire,Balmalloch,S02000941
1074,North Lanarkshire,Kilsyth East and Croy,S02000942
1075,East Dunbartonshire,East Clober and Mains Estate,S02000284
1076,East Dunbartonshire,Auchinairn,S02000260
1077,East Dunbartonshire,Woodhill East,S02000261
1078,East Dunbartonshire,Woodhill West,S02000262
1079,East Dunbartonshire,Westerton East,S02000263
1080,East Dunbartonshire,Bishopbriggs West and Cadder,S02000264
1081,East Dunbartonshire,Westerton West,S02000265
1082,East Dunbartonshire,Kessington East,S02000266
1083,East Dunbartonshire,Lenzie South,S02000267
1084,East Dunbartonshire,Bishopbriggs North and Kenmure,S02000268
1085,East Dunbartonshire,Kessington West,S02000269
1086,East Dunbartonshire,Lennoxtown,S02000287
1087,East Dunbartonshire,Milton of Campsie,S02000286
1088,East Dunbartonshire,West Clober and Mains Estate,S02000285
1089,East Dunbartonshire,Lenzie North,S02000270
1090,East Dunbartonshire,South Castlehill and Thorn,S02000271
1091,East Dunbartonshire,Kilmardinny West,S02000272
1092,East Dunbartonshire,Kilmardinny East,S02000273
1093,East Dunbartonshire,Rosebank and Waterside,S02000274
1094,East Dunbartonshire,Kirkintilloch South,S02000275
1095,East Dunbartonshire,North Castlehill and Thorn,S02000276
1096,East Dunbartonshire,Hillhead,S02000277
1097,East Dunbartonshire,Torrance and Balmore,S02000278
1098,East Dunbartonshire,Keystone and Dougalston,S02000279
1099,East Dunbartonshire,Harestanes,S02000280
1100,East Dunbartonshire,Kirkintilloch West,S02000281
1101,East Dunbartonshire,Barloch,S02000282
1102,East Dunbartonshire,Twechar and Harestanes East,S02000283
1103,Glasgow City,Maxwell Park,S02000612
1104,Glasgow City,Carmyle and Mount Vernon South,S02000613
1105,Glasgow City,Strathbungo,S02000614
1106,Glasgow City,Govanhill East and Aikenhead,S02000615
1107,Glasgow City,Govanhill West,S02000616
1108,Glasgow City,Pollok North and East,S02000617
1109,Glasgow City,Baillieston East,S02000618
1110,Glasgow City,Dalmarnock,S02000619
1111,Glasgow City,Braidfauld,S02000620
1112,Glasgow City,Mosspark,S02000621
1113,Glasgow City,Pollokshields East,S02000622
1114,Glasgow City,Mount Vernon North and Sandyhills,S02000623
1115,Glasgow City,Pollokshields West,S02000624
1116,Glasgow City,Cardonald South and East,S02000625
1117,Glasgow City,Baillieston West,S02000626
1118,Glasgow City,Cardonald West and Central,S02000627
1119,Glasgow City,Gorbals and Hutchesontown,S02000628
1120,Glasgow City,Parkhead East and Braidfauld North,S02000629
1121,Glasgow City,Tollcross,S02000630
1122,Glasgow City,Kingston West and Dumbreck,S02000631
1123,Glasgow City,Shettleston North,S02000632
1124,Glasgow City,Parkhead West and Barrowfield,S02000633
1125,Glasgow City,Laurieston and Tradeston,S02000634
1126,Glasgow City,"Calton, Galllowgate and Bridgeton",S02000635
1127,Glasgow City,Garrowhill West,S02000636
1128,Glasgow City,Cardonald North,S02000637
1129,Glasgow City,Craigton,S02000638
1130,Glasgow City,Hillington,S02000639
1131,Glasgow City,Greenfield,S02000640
1132,Glasgow City,Penilee,S02000641
1133,Glasgow City,Kinning Park and Festival Park,S02000642
1134,Glasgow City,Old Shettleston and Parkhead North,S02000643
1135,Glasgow City,Ibrox East and Cessnock,S02000644
1136,Glasgow City,Garrowhill East and Swinton,S02000645
1137,Glasgow City,Barlanark,S02000646
1138,Glasgow City,Gallowgate North and Bellgrove,S02000647
1139,Glasgow City,Carntyne West and Haghill,S02000648
1140,Glasgow City,Ibrox,S02000649
1141,Glasgow City,Dennistoun,S02000650
1142,Glasgow City,Anderston,S02000651
1143,Glasgow City,North Barlanark and Easterhouse South,S02000652
1144,Glasgow City,Easterhouse East,S02000653
1145,Glasgow City,"Cranhill, Lightburn and Queenslie South",S02000654
1146,Glasgow City,City Centre West,S02000655
1147,Glasgow City,Govan and Linthouse,S02000656
1148,Glasgow City,Carntyne,S02000657
1149,Glasgow City,City Centre East,S02000658
1150,Glasgow City,Dennistoun North and Alexandra Parade,S02000659
1151,Glasgow City,Drumoyne and Shieldhall,S02000660
1152,Glasgow City,Finnieston and Kelvinhaugh,S02000661
1153,Glasgow City,Central Easterhouse,S02000662
1154,Glasgow City,Craigend and Ruchazie,S02000663
1155,Glasgow City,Hillhead,S02000664
1156,Glasgow City,Woodlands,S02000665
1157,Glasgow City,"Roystonhill, Blochairn, and Provanmill",S02000666
1158,Glasgow City,Riddrie and Hogganfield,S02000667
1159,Glasgow City,Glasgow Harbour and  Partick South,S02000668
1160,Glasgow City,Woodside,S02000669
1161,Glasgow City,Sighthill,S02000670
1162,Glasgow City,Partick,S02000671
1163,Glasgow City,Kelvingrove and University,S02000672
1164,Glasgow City,Whiteinch,S02000673
1165,Glasgow City,"Garthamlock, Auchinlea and Gartloch",S02000674
1166,Glasgow City,Firhill,S02000675
1167,Glasgow City,Cowlairs and Port Dundas,S02000676
1168,Glasgow City,Partickhill and Hyndland,S02000677
1169,Glasgow City,Blackhill and Barmulloch East,S02000678
1170,Glasgow City,Broomhill,S02000679
1171,Glasgow City,Petershill,S02000680
1172,Glasgow City,Dowanhill,S02000681
1173,Glasgow City,Victoria Park,S02000682
1174,Glasgow City,North Kelvin,S02000683
1175,Glasgow City,Scotstoun South and West,S02000684
1176,Glasgow City,Keppochhill,S02000685
1177,Glasgow City,Scotstoun North and East,S02000686
1178,Glasgow City,Barmulloch,S02000687
1179,Glasgow City,Ruchill,S02000688
1180,Glasgow City,Kelvinside and Jordanhill,S02000689
1181,Glasgow City,Kelvindale,S02000690
1182,Glasgow City,Springburn,S02000691
1183,Glasgow City,Possil Park,S02000692
1184,Glasgow City,Wyndford,S02000693
1185,Glasgow City,Springburn East and Cowlairs,S02000694
1186,Glasgow City,Robroyston and Millerston,S02000695
1187,Glasgow City,Yoker South,S02000696
1188,Glasgow City,Balornock,S02000697
1189,Glasgow City,Knightswood Park East,S02000698
1190,Glasgow City,Knightswood East,S02000699
1191,Glasgow City,Maryhill West,S02000700
1192,Glasgow City,Milton West,S02000701
1193,Glasgow City,Anniesland East,S02000702
1194,Glasgow City,Knightswood West,S02000703
1195,Glasgow City,Maryhill East,S02000704
1196,Glasgow City,Anniesland West,S02000705
1197,Glasgow City,Knightswood Park West,S02000706
1198,Glasgow City,Yoker North,S02000707
1199,Glasgow City,Milton East,S02000708
1200,Glasgow City,Blairdardie East,S02000709
1201,Glasgow City,Summerston North,S02000710
1202,Glasgow City,Blairdardie West,S02000711
1203,Glasgow City,Drumchapel South,S02000712
1204,Glasgow City,Summerston Central and West,S02000713
1205,Glasgow City,Drumry West,S02000714
1206,Glasgow City,Drumchapel North,S02000715
1207,Glasgow City,Drumry East,S02000716
1208,Glasgow City,Shettleston South,S02000611
1209,Glasgow City,Toryglen and Oatlands,S02000610
1210,Glasgow City,Shawlands West,S02000609
1211,Glasgow City,Pollok South and West,S02000608
1212,Glasgow City,Battlefield,S02000607
1213,Glasgow City,Crookston North,S02000606
1214,Glasgow City,Shawlands East,S02000605
1215,Glasgow City,Langside,S02000604
1216,Glasgow City,Mount Florida,S02000603
1217,Glasgow City,Pollokshaws,S02000602
1218,Glasgow City,Crookston South,S02000601
1219,Glasgow City,Kingspark North,S02000600
1220,Glasgow City,Cathcart,S02000599
1221,Glasgow City,Merrylee and Millbrae,S02000598
1222,Glasgow City,Nitshill,S02000597
1223,Glasgow City,Newlands,S02000596
1224,Glasgow City,Kingspark South,S02000595
1225,Glasgow City,Carnwadric East,S02000594
1226,Glasgow City,Muirend and Old Cathcart,S02000593
1227,Glasgow City,Carnwadric West,S02000592
1228,Glasgow City,Carmunnock North,S02000591
1229,Glasgow City,Darnley North,S02000590
1230,Glasgow City,Castlemilk,S02000589
1231,Glasgow City,Glenwood North,S02000588
1232,Glasgow City,Darnley East,S02000587
1233,Glasgow City,Darnley West,S02000586
1234,Glasgow City,Glenwood South,S02000585
1235,Glasgow City,Carmunnock South,S02000584
